month,forecast
2025-06,1144797.4320839753
2025-07,1168225.6407583219
2025-08,1228853.406811561
2025-09,1220602.3612576209
2025-10,1228540.550466501
2025-11,1164807.062115602
