month,forecast
2025-06,2271832.080764309
2025-07,2452209.861701611
2025-08,2381383.0819788906
2025-09,2250119.0423839516
2025-10,2380629.5285744527
2025-11,2321128.2208314314
