month,forecast
2025-06,3702822.1548034623
2025-07,3805772.5568808015
2025-08,3769792.6315837083
2025-09,3642698.847901592
2025-10,3658257.6926905275
2025-11,3758332.379206949
