month,forecast
2025-01,24568565.49509601
2025-02,23003861.313502893
2025-03,24701856.149677314
2025-04,23838650.283495672
2025-05,23331871.15966279
2025-06,23533693.40647013
2025-07,24734735.913599305
2025-08,24612646.05042631
