month,forecast
2025-06,6974713.878201765
2025-07,7369689.329603868
2025-08,7497560.110859019
2025-09,7204750.293760642
2025-10,7533380.46860407
2025-11,7185854.446048266
