month,forecast
2025-06,4701087.75483851
2025-07,4864494.849169829
2025-08,4799100.139404861
2025-09,4712877.905713609
2025-10,4989014.23066466
2025-11,4827796.130299243
