month,forecast
2025-06,4684601.413826604
2025-07,5025248.877089749
2025-08,4879851.866941987
2025-09,4737809.886251232
2025-10,4845657.449817946
2025-11,4889678.306964259
